name,description,active
GENERADORES DE NITROGENO,Marcas de origen: SIN MARCA IDENTIFICADA,true
ACCESORIOS PARA BALANCEADORAS Y DESMONTADORAS,Marcas de origen: SIN MARCA IDENTIFICADA,true
COMPRESORES,Marcas de origen: SIN MARCA IDENTIFICADA,true
CABEZALES,Marcas de origen: SIN MARCA IDENTIFICADA,true
MOTORES COMPRESORES,Marcas de origen: SIN MARCA IDENTIFICADA,true
REFACCIONES COMPRESORAS,Marcas de origen: SIN MARCA IDENTIFICADA,true
AUTOMATICOS,Marcas de origen: SIN MARCA IDENTIFICADA,true
CONEXIONES PARA COMPRESOR,Marcas de origen: SIN MARCA IDENTIFICADA,true
EXTRACTORES DE FLUIDOS,Marcas de origen: SIN MARCA IDENTIFICADA,true
EQUIPO,Marcas de origen: SIN MARCA IDENTIFICADA,true
DESTALONADORAS/ PORTAPOWER,Marcas de origen: SIN MARCA IDENTIFICADA,true
FITROS Y REGULADORES,Marcas de origen: SIN MARCA IDENTIFICADA,true
MARCADORES,Marcas de origen: SIN MARCA IDENTIFICADA,true
GURVIAS,Marcas de origen: SIN MARCA IDENTIFICADA,true
GATOS,Marcas de origen: SIN MARCA IDENTIFICADA,true
TORRES,Marcas de origen: SIN MARCA IDENTIFICADA,true
RAMPAS,Marcas de origen: SIN MARCA IDENTIFICADA,true
MULTIPLICADOR DE FUERZA,Marcas de origen: SIN MARCA IDENTIFICADA,true
PISTOLAS ELECTRICAS,Marcas de origen: SIN MARCA IDENTIFICADA,true
CAJAS DE HERRAMINETAS,Marcas de origen: SIN MARCA IDENTIFICADA,true
HERRAMIENTAS,Marcas de origen: SIN MARCA IDENTIFICADA,true
TANQUES DE INFLADO,Marcas de origen: SIN MARCA IDENTIFICADA,true
PRENSA HIDRAULICA,Marcas de origen: SIN MARCA IDENTIFICADA,true
ALINEACION,Marcas de origen: SIN MARCA IDENTIFICADA,true
ABRIDORES,Marcas de origen: SIN MARCA IDENTIFICADA,true
CONEXIONES DE AIRE ECONOMICAS,Marcas de origen: SIN MARCA IDENTIFICADA,true
KITS,Marcas de origen: SIN MARCA IDENTIFICADA,true
CONEXIONES,"Marcas de origen: SIN MARCA IDENTIFICADA, MILTON",true
UNIONES,"Marcas de origen: SIN MARCA IDENTIFICADA, MILTON",true
COPLES,"Marcas de origen: SIN MARCA IDENTIFICADA, MILTON",true
ESPIGAS DIRECTAS,Marcas de origen: SIN MARCA IDENTIFICADA,true
MEDIDORES (CALIBRADORES),"Marcas de origen: SIN MARCA IDENTIFICADA, HALTEC",true
ACCESORIOS,"Marcas de origen: SIN MARCA IDENTIFICADA, MILTON",true
BARRILITOS,Marcas de origen: SIN MARCA IDENTIFICADA,true
INFLADORES,"Marcas de origen: SIN MARCA IDENTIFICADA, HALTEC, MILTON",true
SENSORES,Marcas de origen: SIN MARCA IDENTIFICADA,true
VALVULAS,"Marcas de origen: SIN MARCA IDENTIFICADA, MILTON, PANESA",true
VALVULAS PARA SENSOR,Marcas de origen: SIN MARCA IDENTIFICADA,true
SELLOMATICAS,Marcas de origen: SIN MARCA IDENTIFICADA,true
ENKEY,Marcas de origen: SIN MARCA IDENTIFICADA,true
DE ALTA VELOCIDAD,Marcas de origen: SIN MARCA IDENTIFICADA,true
PARA MOTO,Marcas de origen: SIN MARCA IDENTIFICADA,true
AGRICOLA/MOVETIERRA,Marcas de origen: SIN MARCA IDENTIFICADA,true
PARA CAMION,Marcas de origen: SIN MARCA IDENTIFICADA,true
ACCESORIOS PARA VALVULAS,Marcas de origen: SIN MARCA IDENTIFICADA,true
ACCESORIOS MONTAJE,Marcas de origen: SIN MARCA IDENTIFICADA,true
PIVOTES,Marcas de origen: SIN MARCA IDENTIFICADA,true
EXTENSIONES,"Marcas de origen: SIN MARCA IDENTIFICADA, CENTURY",true
EMPAQUES,Marcas de origen: SIN MARCA IDENTIFICADA,true
SACAPIVOTES,Marcas de origen: SIN MARCA IDENTIFICADA,true
MONTAVALVULAS,Marcas de origen: SIN MARCA IDENTIFICADA,true
MANGUERA,Marcas de origen: SIN MARCA IDENTIFICADA,true
ACCESORIOS REPARACIÓN,Marcas de origen: SIN MARCA IDENTIFICADA,true
MEDIDORES DE PROFUNDIDAD,Marcas de origen: SIN MARCA IDENTIFICADA,true
CARRETILLAS,Marcas de origen: SIN MARCA IDENTIFICADA,true
LEZNAS Y LIMAS,Marcas de origen: SIN MARCA IDENTIFICADA,true
JERINGAS,Marcas de origen: SIN MARCA IDENTIFICADA,true
CARDAS Y CUCHILLOS,Marcas de origen: SIN MARCA IDENTIFICADA,true
DE ALAMBRE,Marcas de origen: SIN MARCA IDENTIFICADA,true
CORTADOR DE CAUCHO,Marcas de origen: SIN MARCA IDENTIFICADA,true
TUNGSTENO,Marcas de origen: SIN MARCA IDENTIFICADA,true
PARA MOTOTOOL,Marcas de origen: SIN MARCA IDENTIFICADA,true
HULE,Marcas de origen: SIN MARCA IDENTIFICADA,true
PINZAS,Marcas de origen: SIN MARCA IDENTIFICADA,true
CRAYONES,Marcas de origen: SIN MARCA IDENTIFICADA,true
PRECURADOS DE CALIDAD,Marcas de origen: SIN MARCA IDENTIFICADA,true
CEMENTOS,Marcas de origen: SIN MARCA IDENTIFICADA,true
PINTURA PARA LLANTAS,Marcas de origen: SIN MARCA IDENTIFICADA,true
PASTA PARA MONTAJE,Marcas de origen: SIN MARCA IDENTIFICADA,true
ACEITES,Marcas de origen: SIN MARCA IDENTIFICADA,true
PARCHES,Marcas de origen: SIN MARCA IDENTIFICADA,true
PARCHE UNIVERSAL Y DE TAPON,Marcas de origen: SIN MARCA IDENTIFICADA,true
PARCHE VIC,Marcas de origen: SIN MARCA IDENTIFICADA,true
CONTRAPESO,Marcas de origen: SIN MARCA IDENTIFICADA,true
ADHESIVO,Marcas de origen: SIN MARCA IDENTIFICADA,true
CONTRAPESOS CHAMPION IMPORTADO,Marcas de origen: SIN MARCA IDENTIFICADA,true
CONTRAPESO RIN ACERO,Marcas de origen: SIN MARCA IDENTIFICADA,true
CONTRAPESO RIN ALUMINIO,Marcas de origen: SIN MARCA IDENTIFICADA,true
CONTRAPESO PARA CAMIÓN,Marcas de origen: SIN MARCA IDENTIFICADA,true
ESFERAS DE BALANCEO,Marcas de origen: SIN MARCA IDENTIFICADA,true
DADOS DE IMPACTO,Marcas de origen: SIN MARCA IDENTIFICADA,true
DADO PARED DELGADA,Marcas de origen: SIN MARCA IDENTIFICADA,true
DADOS ALTO RENDIMIENTO,Marcas de origen: SIN MARCA IDENTIFICADA,true
ESPATULAS,"Marcas de origen: SIN MARCA IDENTIFICADA, CENTURY",true
MANERALES,Marcas de origen: SIN MARCA IDENTIFICADA,true
LLAVES DE CRUZ,"Marcas de origen: SIN MARCA IDENTIFICADA, CENTURY",true
LLAVES DE ARTILLERIA Y MANERALES,Marcas de origen: SIN MARCA IDENTIFICADA,true
"EXTRACTORES POLEAS, ENGRANES, BALEROS,",Marcas de origen: SIN MARCA IDENTIFICADA,true
PISTOLAS DE IMPACTO,"Marcas de origen: FIREBIRD, PROFESSIONAL EQUIPMENT",true
MOTOTOOLS,Marcas de origen: PROFESSIONAL EQUIPMENT,true
DESMONTADORAS BALANCEADORAS,Marcas de origen: FALCON,true
HALTEC VALVULAS Y ACCESORIOS,Marcas de origen: HALTEC,true
O-RING,Marcas de origen: HALTEC,true
COPLES RENOVADORA,Marcas de origen: HALTEC,true
O-RING ECONOMICO,Marcas de origen: HALTEC,true
MEDIDORES,Marcas de origen: MILTON,true
MANOMETROS,Marcas de origen: MILTON,true
MILTON,Marcas de origen: MILTON,true
NIPPLE,Marcas de origen: MILTON,true
SIN CATEGORÍA,Marcas de origen: REMA TIPTOP,true
CAMARAS DE MOTO,Marcas de origen: TAURO,true
CARRETILLA,Marcas de origen: TAURO,true
CORBATAS,Marcas de origen: TAURO,true
TRASCABO Y AGRICOLA TAURO,Marcas de origen: TAURO,true
CAMARAS,Marcas de origen: GALGO,true
CORBATAS GALGO,Marcas de origen: GALGO,true
LLANTAS DE MOTO,Marcas de origen: GALGO,true
PARCHE KN,Marcas de origen: PANESA,true
PARCHE P,Marcas de origen: PANESA,true
"PARCHE TAPON PPS, PPQ Y PPW",Marcas de origen: PANESA,true
PARCHE SMT UNIVERSAL,Marcas de origen: PANESA,true
PARCHE PCX,Marcas de origen: PANESA,true
PARCHE MILENIUM,Marcas de origen: PANESA,true
PARCHE CX,Marcas de origen: PANESA,true
PARCHE MILLENIUM,Marcas de origen: PANESA,true
PARCHE KX,Marcas de origen: PANESA,true
PARCHE CB,Marcas de origen: PANESA,true
INFLADORES Y MEDIDORES,Marcas de origen: PANESA,true
CEMENTOS Y SOLUCIONES,Marcas de origen: PANESA,true
PARCHE RUBBER SEAL RADIAL,Marcas de origen: PANESA,true
PARCHE RUBBER SEAL HEXAGONAL,Marcas de origen: PANESA,true
PARCHE RUBBER SEAL PARA CAMARA,Marcas de origen: PANESA,true
PARCHE RUBBER SEAL REDONDO CON CUERDA,Marcas de origen: PANESA,true
PARCHE RADIAL TIPO USA,Marcas de origen: PANESA,true
VALVULA RUBBER SEAL PARA CAMARA,Marcas de origen: PANESA,true
VALVULA CON COJIN RUBBER SEAL PARA CAMARA,Marcas de origen: PANESA,true
PARCHE FLOTAD,Marcas de origen: PANESA,true
AL,Marcas de origen: VERMAR,true
SVR,Marcas de origen: VERMAR,true
V,Marcas de origen: VERMAR,true
XRP,Marcas de origen: VERMAR,true
XP,Marcas de origen: VERMAR,true
CEMENTO,Marcas de origen: VERMAR,true
PARCHES VIPAL,Marcas de origen: VERMAR,true
LLAVES DE ARTILLERIA CON DOS BROCAS,Marcas de origen: CENTURY,true
LLAVES DE ARTILLERIA CON UNA BOCA,Marcas de origen: CENTURY,true
"LLAVES EB ""L"" Y MANERALES",Marcas de origen: CENTURY,true
Adaptadores,Marcas de origen: CENTURY,true
DADOS CON CUADRO INTERIOR,Marcas de origen: CENTURY,true
BARRAS/MANERALES,Marcas de origen: CENTURY,true
DADOS CON DOBLE CUADRO,Marcas de origen: CENTURY,true
"DADOS CON MANDO DE 1/2""",Marcas de origen: CENTURY,true
"DADOS CON MANDO DE 3/4""",Marcas de origen: CENTURY,true
"DADOS CON MANDO DE 1""",Marcas de origen: CENTURY,true
HASTA AGOTAR EXISTENCIAS,Marcas de origen: CENTURY,true
TUERCAS Y BIRLOS PARA COCHE,Marcas de origen: CENTURY,true
ADAPTADORES Y TUERCAS,Marcas de origen: CENTURY,true
CAPUCHONES,Marcas de origen: CENTURY,true
TUERCAS,Marcas de origen: CENTURY,true
CENTRO DE MAZA OCTAGONAL,Marcas de origen: CENTURY,true
CENTRO DE MAZA HEXAGONAL,Marcas de origen: CENTURY,true
